fault_tolerance, time_10
1,3.8027557684
3,4.0419478455
5,2.7675735221
7,2.5636305268
9,5.4368334891
