fault_tolerance, time_20
1,5.4508704645
3,5.6728785452
5,4.2313190131
7,6.5258013486
9,7.4457276085
